index,audio_type,STOI,PESQ,SI-SDR,label
0,cough-heavy,0.49141883850097656,1.1759110689163208,-10.978062629699707,bad
1,cough-shallow,0.5353585481643677,1.1583774089813232,-14.506892204284668,bad
2,cough-heavy,0.7035909295082092,1.1700074672698975,-11.264522552490234,good
3,cough-shallow,0.6869280934333801,1.173755168914795,-14.09970474243164,bad
4,cough-heavy,0.8219239711761475,1.180829644203186,-7.83262300491333,good
5,cough-shallow,0.22920940816402435,1.1769437789916992,-16.405269622802734,bad
6,cough-heavy,0.3765639364719391,1.2607018947601318,-12.340071678161621,bad
7,cough-shallow,0.7271870970726013,1.2032355070114136,-16.16973304748535,bad
8,cough-heavy,0.4416007101535797,1.143442988395691,-12.55123519897461,bad
9,cough-shallow,0.43606534600257874,1.1319372653961182,-12.398545265197754,bad
10,cough-heavy,,,,bad
11,cough-shallow,,,,bad
12,cough-heavy,0.6426020264625549,1.1191284656524658,-2.4888315200805664,bad
13,cough-shallow,0.9423882961273193,1.393579363822937,2.467029333114624,good
14,cough-heavy,0.4875570833683014,1.1890209913253784,-11.131051063537598,bad
15,cough-shallow,0.41157659888267517,1.3031914234161377,-4.178701877593994,bad
16,cough-heavy,0.29288408160209656,1.261025071144104,-5.985612869262695,bad
17,cough-shallow,0.2744179666042328,1.2638657093048096,-12.4345703125,bad
18,cough-heavy,0.1557244509458542,1.1948513984680176,-19.214189529418945,bad
19,cough-shallow,0.46584805846214294,1.2300270795822144,-11.8706693649292,bad
20,cough-heavy,0.3953344523906708,1.1911307573318481,-10.781852722167969,bad
21,cough-shallow,0.4911305010318756,1.1546679735183716,-7.085442543029785,bad
22,cough-heavy,0.4921111762523651,1.1587413549423218,-16.584497451782227,bad
23,cough-shallow,0.15105599164962769,1.1725473403930664,-18.369029998779297,bad
24,cough-heavy,0.481843501329422,1.205528736114502,-4.852315902709961,bad
25,cough-shallow,0.24033015966415405,1.1666191816329956,-18.492061614990234,bad
26,cough-heavy,0.6679896712303162,1.1471585035324097,-10.01497745513916,bad
27,cough-shallow,0.7590602040290833,1.260586142539978,-13.790268898010254,bad
28,cough-heavy,,,,bad
29,cough-shallow,,,,bad
30,cough-heavy,0.6073646545410156,1.1683205366134644,-16.56210708618164,bad
31,cough-shallow,0.29448801279067993,1.1725211143493652,-16.228099822998047,bad
32,cough-heavy,0.2630402445793152,1.1828985214233398,-17.91797637939453,bad
33,cough-shallow,0.8394734263420105,1.4730308055877686,-8.715638160705566,good
34,cough-heavy,0.5491375923156738,1.2185386419296265,0.2766060531139374,bad
35,cough-shallow,0.6238880753517151,1.241276741027832,-6.727506637573242,good
36,cough-heavy,0.7397412657737732,1.2476941347122192,-15.51195240020752,bad
37,cough-shallow,0.8740347623825073,1.4289140701293945,-2.281559944152832,good
38,cough-heavy,0.15016983449459076,1.1508219242095947,-17.979782104492188,bad
39,cough-shallow,0.30472269654273987,1.1802226305007935,-14.139984130859375,bad
40,cough-heavy,0.6632243990898132,1.307681679725647,-10.3754301071167,good
41,cough-shallow,0.5332673192024231,1.1215521097183228,-8.53780460357666,bad
42,cough-heavy,0.6230711936950684,1.1761152744293213,-6.633440971374512,good
43,cough-shallow,0.6655817627906799,1.1410691738128662,-15.545897483825684,bad
44,cough-heavy,0.4242677390575409,1.1285557746887207,-16.085521697998047,bad
45,cough-shallow,0.604900598526001,1.1519747972488403,-16.370159149169922,bad
46,cough-heavy,0.46385249495506287,1.1543116569519043,-17.973609924316406,bad
47,cough-shallow,0.3367456793785095,1.1324267387390137,-17.44940185546875,bad
48,cough-heavy,0.798086404800415,1.5001671314239502,7.738772392272949,good
49,cough-shallow,0.44030651450157166,1.1512702703475952,-15.682452201843262,bad
50,cough-heavy,0.5279263854026794,1.1887080669403076,-12.989019393920898,bad
51,cough-shallow,0.23937883973121643,1.146362543106079,-17.352256774902344,bad
52,cough-heavy,0.3372950851917267,1.1801767349243164,-19.72373390197754,bad
53,cough-shallow,0.400791734457016,1.1754701137542725,-12.825312614440918,bad
54,cough-heavy,0.8419516682624817,1.2315267324447632,-7.908960819244385,good
55,cough-shallow,0.4648085832595825,1.1230921745300293,-14.298991203308105,bad
56,cough-heavy,0.4236288070678711,1.1801037788391113,-15.282572746276855,bad
57,cough-shallow,0.5464420318603516,1.1740013360977173,-14.507790565490723,bad
60,cough-heavy,0.6564347147941589,1.1508197784423828,4.086445331573486,good
61,cough-shallow,0.7260817885398865,1.7244682312011719,7.558332920074463,good
62,cough-heavy,0.5204234719276428,1.213131308555603,-12.819342613220215,bad
63,cough-shallow,0.6488271951675415,1.7223013639450073,2.2636706829071045,good
64,cough-heavy,0.7232587337493896,1.2460333108901978,-5.568889617919922,good
65,cough-shallow,0.21625447273254395,1.15662682056427,-18.235069274902344,bad
66,cough-heavy,0.355458527803421,1.1433066129684448,-13.484801292419434,bad
67,cough-shallow,0.8514295816421509,1.1138466596603394,-16.06928825378418,bad
68,cough-heavy,0.26910844445228577,1.103767991065979,-18.556400299072266,bad
69,cough-shallow,0.39044082164764404,1.119222640991211,-19.43951416015625,bad
70,cough-heavy,0.22170807421207428,1.1752134561538696,-16.429269790649414,bad
71,cough-shallow,0.31598377227783203,1.1258599758148193,-18.221712112426758,bad
72,cough-heavy,0.6183357238769531,1.4475278854370117,4.709073543548584,good
73,cough-shallow,0.27131175994873047,1.140661358833313,-15.556463241577148,bad
74,cough-heavy,0.703416645526886,1.1591856479644775,-17.38665199279785,bad
75,cough-shallow,0.37439489364624023,1.1428266763687134,-14.590890884399414,bad
76,cough-heavy,0.7497427463531494,1.5231294631958008,-5.358180046081543,good
77,cough-shallow,0.6007510423660278,1.4479938745498657,-10.176348686218262,good
78,cough-heavy,0.775016188621521,1.2724741697311401,-5.846042156219482,good
79,cough-shallow,0.7364177703857422,1.3390405178070068,-5.747899055480957,good
80,cough-heavy,0.14304384589195251,1.207482933998108,-17.867111206054688,bad
81,cough-shallow,0.20829123258590698,1.1353528499603271,-18.8780460357666,bad
82,cough-heavy,0.8848466277122498,1.2405121326446533,-15.690923690795898,bad
83,cough-shallow,0.4351515471935272,1.1877137422561646,-12.22811508178711,bad
84,cough-heavy,0.44019192457199097,1.1169358491897583,-17.577800750732422,bad
85,cough-shallow,0.21743305027484894,1.177120566368103,-17.05030059814453,bad
86,cough-heavy,0.11999603360891342,1.357111930847168,-15.437728881835938,bad
87,cough-shallow,0.5450851321220398,1.4203695058822632,-5.378078460693359,bad
88,cough-heavy,0.7328870296478271,1.260387897491455,-10.12732982635498,good
89,cough-shallow,0.36163678765296936,1.1827114820480347,-14.143683433532715,bad
90,cough-heavy,0.5437454581260681,1.214132308959961,-13.619513511657715,bad
91,cough-shallow,0.5935459136962891,1.1589906215667725,-17.72982406616211,bad
92,cough-heavy,0.23545563220977783,1.1780707836151123,-17.254405975341797,bad
93,cough-shallow,0.5518852472305298,1.2127374410629272,-11.359211921691895,bad
94,cough-heavy,0.20861276984214783,1.1058928966522217,-15.762139320373535,bad
95,cough-shallow,0.3009978234767914,1.2654364109039307,-19.770915985107422,bad
96,cough-heavy,0.35856205224990845,1.2312829494476318,-16.58681869506836,bad
97,cough-shallow,0.2578323483467102,1.2033709287643433,-18.286893844604492,bad
98,cough-heavy,0.7582060098648071,1.412440299987793,-1.158831000328064,good
99,cough-shallow,0.4531541168689728,1.2903320789337158,-6.9688334465026855,bad
100,cough-heavy,0.8024802207946777,1.3447068929672241,-10.533978462219238,good
101,cough-shallow,0.5592907667160034,1.2853155136108398,-2.875730276107788,bad
102,cough-heavy,0.6628319621086121,1.232033610343933,-17.64391326904297,bad
103,cough-shallow,0.47838395833969116,1.1826441287994385,-17.499919891357422,bad
104,cough-heavy,0.49104177951812744,1.1592220067977905,-8.352845191955566,bad
105,cough-shallow,0.6716074347496033,1.2051621675491333,-5.880095481872559,good
106,cough-heavy,0.5033664703369141,1.1760671138763428,-10.504779815673828,bad
107,cough-shallow,0.9022942781448364,1.4601447582244873,7.7950849533081055,good
108,cough-heavy,0.745848536491394,1.1535437107086182,-15.313599586486816,bad
109,cough-shallow,0.2859913408756256,1.1157180070877075,-17.772842407226562,bad
110,cough-heavy,0.40554800629615784,1.1411525011062622,-15.226754188537598,bad
111,cough-shallow,0.6691061854362488,1.1556241512298584,-17.04515838623047,bad
112,cough-heavy,0.9650800228118896,2.3522872924804688,15.809107780456543,good
113,cough-shallow,0.8894327878952026,1.5314927101135254,9.539654731750488,good
114,cough-heavy,0.6262142062187195,1.2063775062561035,-3.3193016052246094,good
115,cough-shallow,0.5130091309547424,1.1978222131729126,-9.372563362121582,bad
116,cough-heavy,0.4642808735370636,1.160549521446228,-5.45098876953125,bad
117,cough-shallow,0.31172212958335876,1.190377116203308,-10.221652030944824,bad
118,cough-heavy,0.7067151665687561,1.1684061288833618,-3.529078483581543,good
119,cough-shallow,0.5684394836425781,1.1786531209945679,-4.121025085449219,bad
120,cough-heavy,0.3356167674064636,1.173232078552246,-16.08962059020996,bad
121,cough-shallow,0.3368362486362457,1.121051549911499,-16.70039939880371,bad
122,cough-heavy,0.2378544807434082,1.1408207416534424,-16.529611587524414,bad
123,cough-shallow,0.20430728793144226,1.1364920139312744,-17.68043327331543,bad
124,cough-heavy,0.30448171496391296,1.1216375827789307,-17.320669174194336,bad
125,cough-shallow,0.2784910798072815,1.1221880912780762,-17.450302124023438,bad
126,cough-heavy,0.33673763275146484,1.1771689653396606,-18.20513153076172,bad
127,cough-shallow,0.15438316762447357,1.2316198348999023,-17.867328643798828,bad
128,cough-heavy,0.826617956161499,1.4304066896438599,9.304940223693848,good
129,cough-shallow,0.6911116242408752,1.3959689140319824,4.894791603088379,good
130,cough-heavy,0.43637076020240784,1.1485317945480347,-17.136619567871094,bad
131,cough-shallow,0.4869779944419861,1.133773684501648,-16.94210433959961,bad
132,cough-heavy,0.478512704372406,1.1514241695404053,-13.63353443145752,bad
133,cough-shallow,0.4577851891517639,1.1407471895217896,-9.717655181884766,bad
134,cough-heavy,0.42248088121414185,1.1383566856384277,-11.501505851745605,bad
135,cough-shallow,0.19015488028526306,1.2183642387390137,-12.464754104614258,bad
136,cough-heavy,0.5055810213088989,1.1221815347671509,-15.86375904083252,bad
137,cough-shallow,0.5904689431190491,1.1894686222076416,-16.12152862548828,bad
140,cough-heavy,0.6919624209403992,1.1763865947723389,-13.869611740112305,bad
141,cough-shallow,0.6463941335678101,1.1943557262420654,-10.477814674377441,good
142,cough-heavy,0.4509674906730652,1.2595207691192627,-16.707324981689453,bad
143,cough-shallow,0.5313488245010376,1.2265080213546753,-17.077133178710938,bad
144,cough-heavy,0.6693969368934631,1.5438152551651,5.419312477111816,good
145,cough-shallow,0.8168687224388123,1.5057833194732666,4.277877330780029,good
146,cough-heavy,0.4201730191707611,1.1190742254257202,-15.429156303405762,bad
147,cough-shallow,0.30567461252212524,1.1393370628356934,-17.52385711669922,bad
148,cough-heavy,0.5234772562980652,1.1624655723571777,-17.881996154785156,bad
149,cough-shallow,0.6193792819976807,1.162559986114502,-14.065091133117676,bad
150,cough-heavy,0.6513537764549255,1.141434907913208,-5.178108215332031,bad
151,cough-shallow,0.3484017848968506,1.1143699884414673,-15.554035186767578,bad
152,cough-heavy,0.463102251291275,1.3273639678955078,-9.387210845947266,bad
153,cough-shallow,0.5279519557952881,1.1652404069900513,-16.857995986938477,bad
154,cough-heavy,0.8148784637451172,1.2479751110076904,-13.78296947479248,bad
155,cough-shallow,0.444269597530365,1.137583613395691,-17.971023559570312,bad
156,cough-heavy,0.14598850905895233,1.1392539739608765,-17.496910095214844,bad
157,cough-shallow,0.1663864552974701,1.1011698246002197,-17.52134895324707,bad
158,cough-heavy,0.36927086114883423,1.14753258228302,-13.488631248474121,bad
159,cough-shallow,0.35630837082862854,1.183131217956543,-16.88168716430664,bad
160,cough-heavy,0.5390914082527161,1.1064889430999756,-16.901077270507812,bad
161,cough-shallow,0.2450024038553238,1.130075454711914,-17.555063247680664,bad
162,cough-heavy,0.3320094347000122,1.1837788820266724,-15.092171669006348,bad
163,cough-shallow,0.35532888770103455,1.2518525123596191,-5.221324920654297,bad
164,cough-heavy,0.5724194645881653,1.1861209869384766,-5.369882106781006,bad
165,cough-shallow,0.8499253988265991,1.6322121620178223,11.991434097290039,good
166,cough-heavy,,,,bad
167,cough-shallow,,,,bad
168,cough-heavy,0.28040432929992676,1.2724151611328125,-11.38090991973877,bad
169,cough-shallow,0.3208785653114319,1.2010530233383179,-16.782438278198242,bad
170,cough-heavy,0.24297435581684113,1.1222273111343384,-14.686647415161133,bad
171,cough-shallow,0.6587598919868469,1.2080464363098145,-16.582427978515625,bad
173,cough-shallow,0.36900705099105835,1.1182118654251099,-16.346248626708984,bad
174,cough-heavy,0.41440287232398987,1.1954344511032104,-15.106099128723145,bad
175,cough-shallow,0.3381679654121399,1.1876376867294312,-15.334277153015137,bad
176,cough-heavy,0.6949196457862854,2.3946263790130615,13.02326488494873,good
177,cough-shallow,0.6612938642501831,1.2678687572479248,-7.200278282165527,good
178,cough-heavy,0.3189282715320587,1.1932802200317383,-9.844849586486816,bad
179,cough-shallow,0.3200024366378784,1.1145228147506714,-17.023691177368164,bad
180,cough-heavy,0.3749830722808838,1.2771117687225342,-18.15355682373047,bad
181,cough-shallow,0.21396562457084656,1.170409917831421,-17.606592178344727,bad
182,cough-heavy,0.21410247683525085,1.1574639081954956,-17.205585479736328,bad
183,cough-shallow,0.3128812909126282,1.1461063623428345,-15.98597240447998,bad
184,cough-heavy,0.8186172246932983,1.284462332725525,-1.6273351907730103,good
185,cough-shallow,0.7077955007553101,1.2589750289916992,-2.573505163192749,good
186,cough-heavy,0.44487011432647705,1.1405287981033325,-13.27592945098877,bad
187,cough-shallow,0.7344657778739929,1.1362218856811523,-16.473892211914062,bad
188,cough-heavy,0.44118598103523254,1.1195281744003296,-18.824615478515625,bad
189,cough-shallow,0.5302453637123108,1.2354635000228882,-17.329822540283203,bad
190,cough-heavy,0.7858726978302002,1.2498514652252197,4.148537635803223,good
191,cough-shallow,0.7704640626907349,1.2025325298309326,-1.5911320447921753,good
192,cough-heavy,0.5384102463722229,1.188651442527771,-11.781630516052246,bad
193,cough-shallow,0.7271765470504761,1.2920506000518799,-4.774137496948242,good
194,cough-heavy,0.35099825263023376,1.1441411972045898,-16.994037628173828,bad
195,cough-shallow,0.44853830337524414,1.1494860649108887,-17.713966369628906,bad
196,cough-heavy,0.6309055685997009,1.12655770778656,-13.905783653259277,bad
197,cough-shallow,0.9734321236610413,1.3177992105484009,-11.643385887145996,good
198,cough-heavy,0.7614927291870117,1.1125260591506958,-16.02613639831543,bad
199,cough-shallow,0.2920271158218384,1.3256269693374634,-16.35162353515625,bad
200,cough-heavy,0.1966482251882553,1.1923974752426147,-16.64302635192871,bad
201,cough-shallow,0.567236602306366,1.1631263494491577,-17.66146469116211,bad
202,cough-heavy,0.6756625175476074,1.3137681484222412,0.38497623801231384,good
203,cough-shallow,0.2095644325017929,1.214631199836731,-17.96689224243164,bad
204,cough-heavy,0.8225741386413574,1.2434767484664917,-14.442009925842285,bad
205,cough-shallow,0.6345252394676208,1.177060604095459,-7.8468918800354,good
206,cough-heavy,0.3928333818912506,1.1546192169189453,-17.51042938232422,bad
207,cough-shallow,0.25232207775115967,1.1775739192962646,-20.98507308959961,bad
208,cough-heavy,0.8641484379768372,1.208435297012329,-13.338064193725586,bad
209,cough-shallow,0.5072003602981567,1.1377310752868652,-14.627692222595215,bad
210,cough-heavy,0.17499765753746033,1.1432666778564453,-17.949825286865234,bad
211,cough-shallow,0.23125264048576355,1.213582158088684,-17.985816955566406,bad
212,cough-heavy,0.18024739623069763,1.270646095275879,-16.882911682128906,bad
213,cough-shallow,0.455184668302536,1.1978859901428223,-13.005692481994629,bad
214,cough-heavy,0.4458977282047272,1.2149732112884521,-5.39293098449707,bad
215,cough-shallow,0.19741536676883698,1.1779468059539795,-16.858074188232422,bad
216,cough-heavy,0.14682739973068237,1.0943349599838257,-16.355892181396484,bad
217,cough-shallow,0.3685397803783417,1.2513723373413086,-13.66722297668457,bad
218,cough-heavy,0.5525625348091125,1.2701637744903564,-17.732837677001953,bad
219,cough-shallow,0.5530276894569397,1.1844755411148071,-17.95381736755371,bad
220,cough-heavy,0.6137909889221191,1.1965558528900146,-3.416271209716797,good
221,cough-shallow,0.3992757499217987,1.2005289793014526,-11.599235534667969,bad
222,cough-heavy,0.761113166809082,1.2194817066192627,-10.682611465454102,good
223,cough-shallow,0.31284332275390625,1.1292099952697754,-18.206295013427734,bad
224,cough-heavy,0.5556284189224243,1.1958703994750977,-14.262446403503418,bad
225,cough-shallow,0.5049163699150085,1.2572771310806274,-9.252652168273926,bad
226,cough-heavy,0.7742061018943787,1.3050272464752197,4.186581611633301,good
227,cough-shallow,0.32635998725891113,1.1055413484573364,-17.338590621948242,bad
228,cough-heavy,0.6285618543624878,1.276771068572998,-12.39730167388916,bad
229,cough-shallow,0.7560687065124512,1.1218870878219604,-16.891891479492188,bad
230,cough-heavy,0.5098634958267212,1.2482664585113525,0.7975443005561829,bad
231,cough-shallow,0.8460492491722107,1.2186094522476196,-8.570813179016113,good
232,cough-heavy,0.32103654742240906,1.1332416534423828,-15.832830429077148,bad
233,cough-shallow,0.9678281545639038,1.3824529647827148,-9.237156867980957,good
234,cough-heavy,0.27662110328674316,1.2183334827423096,-17.436594009399414,bad
235,cough-shallow,0.23983563482761383,1.1210376024246216,-17.244060516357422,bad
236,cough-heavy,0.554817259311676,1.1130907535552979,-15.223894119262695,bad
237,cough-shallow,0.5136208534240723,1.185620903968811,-16.305978775024414,bad
238,cough-heavy,0.34732696413993835,1.1428894996643066,-17.622549057006836,bad
239,cough-shallow,0.27605322003364563,1.1246912479400635,-17.737030029296875,bad
240,cough-heavy,0.7875127792358398,1.6528081893920898,-4.135340690612793,good
241,cough-shallow,0.27309703826904297,1.2548198699951172,-18.045564651489258,bad
242,cough-heavy,0.30453890562057495,1.1406834125518799,-15.35203742980957,bad
243,cough-shallow,0.45137521624565125,1.1427961587905884,-14.870808601379395,bad
244,cough-heavy,0.432064026594162,1.2667533159255981,-10.789036750793457,bad
245,cough-shallow,0.4986962676048279,1.1936267614364624,-10.458247184753418,bad
246,cough-heavy,0.5540949702262878,1.1725813150405884,-14.735564231872559,bad
247,cough-shallow,0.4828835725784302,1.2595462799072266,-17.01125144958496,bad
248,cough-heavy,0.7553172707557678,1.219190239906311,-16.524921417236328,bad
249,cough-shallow,0.5917596817016602,1.2763662338256836,-17.449176788330078,bad
250,cough-heavy,0.5651318430900574,1.27959406375885,-16.955842971801758,bad
251,cough-shallow,0.5559921264648438,1.308276891708374,-13.24604320526123,bad
252,cough-heavy,0.40336859226226807,1.1570196151733398,-17.08248519897461,bad
253,cough-shallow,0.4740973711013794,1.1774269342422485,-17.05510139465332,bad
254,cough-heavy,0.45614129304885864,1.1722943782806396,-14.564604759216309,bad
255,cough-shallow,0.6087325215339661,1.1926956176757812,-7.976105690002441,good
256,cough-heavy,0.392773300409317,1.1904422044754028,-16.55422592163086,bad
257,cough-shallow,0.8209465742111206,1.6497749090194702,0.6453520059585571,good
258,cough-heavy,0.5465946197509766,1.1634242534637451,-5.174373626708984,bad
259,cough-shallow,0.5550487041473389,1.1341238021850586,-14.981680870056152,bad
260,cough-heavy,0.2664511203765869,1.1373646259307861,-17.78289794921875,bad
261,cough-shallow,0.49477294087409973,1.2274659872055054,-17.899335861206055,bad
262,cough-heavy,0.3411628007888794,1.2026506662368774,-17.978252410888672,bad
263,cough-shallow,0.3594842851161957,1.1438168287277222,-15.139430046081543,bad
264,cough-heavy,0.4941542148590088,1.305565357208252,-0.8320494294166565,bad
265,cough-shallow,0.4352707862854004,1.1488312482833862,-14.25760269165039,bad
266,cough-heavy,0.5779187679290771,1.159804344177246,-4.822645664215088,bad
267,cough-shallow,0.6327707767486572,1.1434426307678223,-12.73034381866455,bad
268,cough-heavy,0.8426216840744019,1.135352373123169,-17.94386100769043,bad
269,cough-shallow,0.16069228947162628,1.2189726829528809,-19.300107955932617,bad
270,cough-heavy,0.3150334060192108,1.1799440383911133,-17.294857025146484,bad
271,cough-shallow,0.27621889114379883,1.1201387643814087,-16.302471160888672,bad
272,cough-heavy,0.895630419254303,1.2536954879760742,-8.716423988342285,good
273,cough-shallow,0.3758802115917206,1.1649541854858398,-14.735836029052734,bad
274,cough-heavy,0.3131343722343445,1.1759238243103027,-16.061843872070312,bad
275,cough-shallow,0.43148812651634216,1.1302746534347534,-16.250804901123047,bad
276,cough-heavy,0.4960050582885742,1.1477090120315552,-11.391558647155762,bad
277,cough-shallow,0.14805729687213898,1.1655765771865845,-17.293550491333008,bad
278,cough-heavy,0.457555890083313,1.1547274589538574,-18.0115966796875,bad
279,cough-shallow,0.4087931513786316,1.4867957830429077,-19.39588165283203,bad
280,cough-heavy,0.5592772960662842,1.1631076335906982,-13.551145553588867,bad
281,cough-shallow,0.5534246563911438,1.2247737646102905,-10.861149787902832,bad
282,cough-heavy,0.550580620765686,1.15620756149292,-12.675524711608887,bad
283,cough-shallow,0.26356571912765503,1.124964952468872,-17.058509826660156,bad
284,cough-heavy,0.2921741008758545,1.1001890897750854,-16.85668182373047,bad
285,cough-shallow,0.8442481756210327,1.296226143836975,-3.6598105430603027,good
286,cough-heavy,0.726982057094574,1.1671626567840576,-17.434131622314453,bad
287,cough-shallow,0.43580999970436096,1.2531182765960693,-18.623111724853516,bad
288,cough-heavy,0.32688480615615845,1.123836636543274,-16.959949493408203,bad
289,cough-shallow,0.5567397475242615,1.1411974430084229,-17.525094985961914,bad
290,cough-heavy,0.311861127614975,1.1678240299224854,-16.841690063476562,bad
291,cough-shallow,0.7211409211158752,1.2433652877807617,3.2426023483276367,good
292,cough-heavy,0.8209904432296753,1.1588857173919678,-14.826111793518066,bad
293,cough-shallow,0.21261410415172577,1.1688435077667236,-18.521814346313477,bad
294,cough-heavy,0.20639930665493011,1.1799676418304443,-18.281291961669922,bad
295,cough-shallow,0.4201832711696625,1.1999545097351074,-10.992775917053223,bad
296,cough-heavy,0.3183852434158325,1.163528323173523,-15.01019287109375,bad
297,cough-shallow,0.3931158483028412,1.15874445438385,-15.850427627563477,bad
298,cough-heavy,0.3753744661808014,1.1191633939743042,-17.600250244140625,bad
299,cough-shallow,0.593278169631958,1.1403884887695312,-15.975529670715332,bad
300,cough-heavy,0.5240341424942017,1.1944520473480225,-18.214496612548828,bad
301,cough-shallow,0.2654540538787842,1.1638225317001343,-18.324970245361328,bad
302,cough-heavy,0.5554990768432617,1.224687933921814,-9.175383567810059,bad
303,cough-shallow,0.4066716432571411,1.2024829387664795,-17.988380432128906,bad
304,cough-heavy,0.41266897320747375,1.1715348958969116,-14.78612995147705,bad
305,cough-shallow,0.1910107433795929,1.153754472732544,-17.00922393798828,bad
306,cough-heavy,0.7752701044082642,1.3214598894119263,-6.156659126281738,good
307,cough-shallow,0.3841276466846466,1.1694921255111694,-13.893174171447754,bad
308,cough-heavy,0.5261669754981995,1.133376121520996,-16.91910171508789,bad
309,cough-shallow,0.32148417830467224,1.1081293821334839,-17.774930953979492,bad
310,cough-heavy,,,,bad
311,cough-shallow,,,,bad
312,cough-heavy,0.1896449476480484,1.1299045085906982,-18.563478469848633,bad
313,cough-shallow,0.7231321930885315,1.3170760869979858,-3.126420021057129,good
314,cough-heavy,0.752763569355011,1.5464732646942139,6.438121318817139,good
315,cough-shallow,0.777061402797699,1.411181926727295,2.5319769382476807,good
316,cough-heavy,0.42853277921676636,1.1773595809936523,-15.06513786315918,bad
317,cough-shallow,0.35582828521728516,1.1993489265441895,-14.799630165100098,bad
318,cough-heavy,0.8054834008216858,1.517434000968933,1.7047384977340698,good
319,cough-shallow,0.2953507900238037,1.1372342109680176,-12.765472412109375,bad
320,cough-heavy,0.5913378000259399,1.180185317993164,-6.327868461608887,bad
321,cough-shallow,0.6419684290885925,1.1652376651763916,-15.78490924835205,bad
322,cough-heavy,0.8558283448219299,1.1804081201553345,-10.763781547546387,good
323,cough-shallow,0.3229374289512634,1.1368588209152222,-17.61013412475586,bad
324,cough-heavy,0.645520031452179,1.3850111961364746,-3.525722026824951,good
325,cough-shallow,0.741998553276062,1.6814403533935547,-3.687495708465576,good
326,cough-heavy,0.840326189994812,1.2436434030532837,-9.883184432983398,good
327,cough-shallow,0.9401970505714417,1.9277962446212769,10.324407577514648,good
328,cough-heavy,0.7971038818359375,1.412856936454773,-8.432474136352539,good
329,cough-shallow,0.25790488719940186,1.163040280342102,-17.65993881225586,bad
330,cough-heavy,0.33183762431144714,1.135716438293457,-17.945148468017578,bad
331,cough-shallow,0.37040096521377563,1.160306453704834,-17.335641860961914,bad
332,cough-heavy,0.6454371809959412,1.2025281190872192,-3.3503735065460205,good
333,cough-shallow,0.5922219753265381,1.1630232334136963,-10.750676155090332,bad
334,cough-heavy,0.9477720260620117,2.9937148094177246,20.05304718017578,good
335,cough-shallow,0.7505728602409363,1.259635329246521,0.1875995695590973,good
336,cough-heavy,0.3847339153289795,1.2057071924209595,-16.260433197021484,bad
337,cough-shallow,0.31927287578582764,1.1500186920166016,-16.97549057006836,bad
338,cough-heavy,0.3146871328353882,1.1742805242538452,-13.923340797424316,bad
339,cough-shallow,0.7777125239372253,1.263715147972107,-6.077162742614746,good
340,cough-heavy,0.3723120391368866,1.1332197189331055,-11.922715187072754,bad
341,cough-shallow,0.5517197847366333,1.1632153987884521,-16.661235809326172,bad
342,cough-heavy,0.756992757320404,1.2074878215789795,-11.58716106414795,good
343,cough-shallow,0.21276657283306122,1.1473253965377808,-16.500511169433594,bad
344,cough-heavy,0.4478420913219452,1.1791949272155762,-9.555596351623535,bad
345,cough-shallow,0.3052997887134552,1.1525670289993286,-16.250226974487305,bad
346,cough-heavy,0.6033220291137695,1.4521113634109497,-1.9418209791183472,good
347,cough-shallow,0.3518824279308319,1.0991770029067993,-14.998961448669434,bad
348,cough-heavy,0.5902514457702637,1.1774725914001465,-15.755072593688965,bad
349,cough-shallow,0.6030033230781555,1.2229338884353638,-3.4754462242126465,good
350,cough-heavy,0.6071550846099854,1.1013658046722412,-8.859633445739746,bad
351,cough-shallow,0.8947109580039978,1.2381335496902466,3.731506824493408,good
352,cough-heavy,0.1482166349887848,1.1922366619110107,-17.229032516479492,bad
353,cough-shallow,0.7942796349525452,1.284946322441101,-16.348752975463867,bad
354,cough-heavy,0.5923200845718384,1.2056708335876465,-5.087423324584961,bad
355,cough-shallow,0.2329975813627243,1.1376501321792603,-17.089561462402344,bad
356,cough-heavy,0.817888081073761,1.1950702667236328,12.730986595153809,good
357,cough-shallow,0.8408477306365967,1.2789125442504883,7.142232418060303,good
358,cough-heavy,0.35710054636001587,1.1299126148223877,-16.194168090820312,bad
359,cough-shallow,0.6014518141746521,1.220626950263977,-11.620141983032227,good
360,cough-heavy,0.3814055025577545,1.1255824565887451,-15.857455253601074,bad
361,cough-shallow,0.46588370203971863,1.1343414783477783,-16.617122650146484,bad
362,cough-heavy,0.6491568088531494,1.193342924118042,-16.448606491088867,bad
363,cough-shallow,0.8425944447517395,1.2412233352661133,-15.628767967224121,bad
364,cough-heavy,0.48754727840423584,1.222131609916687,-14.827691078186035,bad
365,cough-shallow,0.290517657995224,1.1740180253982544,-17.30249786376953,bad
366,cough-heavy,0.16840499639511108,1.2786136865615845,-16.519546508789062,bad
367,cough-shallow,0.2990542948246002,1.1879218816757202,-15.745210647583008,bad
368,cough-heavy,0.7718129754066467,1.2324395179748535,-0.621055006980896,good
369,cough-shallow,0.3007626235485077,1.117224931716919,-15.937758445739746,bad
370,cough-heavy,0.2864021062850952,1.154091477394104,-13.685770034790039,bad
371,cough-shallow,0.41260120272636414,1.1319316625595093,-12.859040260314941,bad
372,cough-heavy,0.6218134164810181,1.1979914903640747,-15.071648597717285,bad
373,cough-shallow,0.3661881685256958,1.1283774375915527,-15.738112449645996,bad
374,cough-heavy,0.5988134741783142,1.297003984451294,-3.557102680206299,bad
375,cough-shallow,0.2815643548965454,1.1893540620803833,-12.645334243774414,bad
376,cough-heavy,0.6500571966171265,1.274316668510437,-2.774742603302002,good
377,cough-shallow,0.6615484952926636,1.18861985206604,0.15682432055473328,good
378,cough-heavy,0.12640468776226044,1.220393419265747,-17.95363998413086,bad
379,cough-shallow,0.817524790763855,1.6209161281585693,10.300142288208008,good
380,cough-heavy,0.3099842965602875,1.2541530132293701,-15.455735206604004,bad
381,cough-shallow,0.30582037568092346,1.1728179454803467,-18.724231719970703,bad
382,cough-heavy,0.7486059069633484,1.9504046440124512,10.812459945678711,good
383,cough-shallow,0.15813861787319183,1.20708167552948,-15.453093528747559,bad
384,cough-heavy,0.893471360206604,1.1861532926559448,-17.234859466552734,bad
385,cough-shallow,0.53733229637146,1.1420958042144775,-17.672962188720703,bad
386,cough-heavy,0.7904965877532959,1.519573450088501,5.188589096069336,good
387,cough-shallow,0.989387035369873,4.178985595703125,26.25611114501953,good
388,cough-heavy,0.561854362487793,1.2050633430480957,-13.868090629577637,bad
389,cough-shallow,0.15991635620594025,1.1513807773590088,-17.4114990234375,bad
390,cough-heavy,0.38891834020614624,1.1232028007507324,-16.465938568115234,bad
391,cough-shallow,0.474684476852417,1.1644316911697388,-16.430400848388672,bad
392,cough-heavy,0.569810688495636,1.1879785060882568,-16.670246124267578,bad
393,cough-shallow,0.5434647798538208,1.159716010093689,-17.03028106689453,bad
394,cough-heavy,0.48275578022003174,1.159369945526123,-14.49791431427002,bad
395,cough-shallow,0.18205440044403076,1.1279665231704712,-17.551387786865234,bad
396,cough-heavy,0.5637331008911133,1.169184684753418,-15.186914443969727,bad
397,cough-shallow,0.5063676834106445,1.141701102256775,-16.54619026184082,bad
398,cough-heavy,0.1467912644147873,1.191486120223999,-17.127338409423828,bad
399,cough-shallow,0.2577444016933441,1.15350341796875,-18.057735443115234,bad
400,cough-heavy,0.45482176542282104,1.1918245553970337,-13.02523136138916,bad
401,cough-shallow,0.38864612579345703,1.1623225212097168,-12.367585182189941,bad
402,cough-heavy,0.6465674042701721,1.2687098979949951,-12.10119342803955,bad
403,cough-shallow,0.3513087034225464,1.1259956359863281,-12.40364933013916,bad
404,cough-heavy,0.29804670810699463,1.1309690475463867,-14.933781623840332,bad
405,cough-shallow,0.4168948829174042,1.1599490642547607,-15.308236122131348,bad
406,cough-heavy,0.7216402292251587,1.188693881034851,-1.4632422924041748,good
407,cough-shallow,0.6955503225326538,1.2619304656982422,-6.850124359130859,good
408,cough-heavy,0.3296615481376648,1.2240221500396729,-18.630592346191406,bad
409,cough-shallow,0.13204644620418549,1.1405869722366333,-18.47817611694336,bad
410,cough-heavy,0.2307068407535553,1.1437071561813354,-17.2333984375,bad
411,cough-shallow,0.5249399542808533,1.1767446994781494,-15.70179271697998,bad
412,cough-heavy,0.43146127462387085,1.2128798961639404,-7.02899169921875,bad
413,cough-shallow,0.46867072582244873,1.1296204328536987,-17.543506622314453,bad
415,cough-shallow,,,,bad
416,cough-heavy,0.3656589686870575,1.138221263885498,-14.040642738342285,bad
417,cough-shallow,0.4914531409740448,1.1301941871643066,-16.574907302856445,bad
418,cough-heavy,0.14618554711341858,1.140437126159668,-18.082340240478516,bad
419,cough-shallow,0.24746248126029968,1.139079213142395,-18.30319595336914,bad
420,cough-heavy,0.42583081126213074,1.1704617738723755,-17.343103408813477,bad
421,cough-shallow,0.4038504958152771,1.2030094861984253,-17.051429748535156,bad
422,cough-heavy,0.5371599793434143,1.1617151498794556,-15.33435344696045,bad
423,cough-shallow,0.7872300148010254,1.1826833486557007,-4.4910149574279785,good
424,cough-heavy,0.44024381041526794,1.1983407735824585,-18.646808624267578,bad
425,cough-shallow,0.22021131217479706,1.1884660720825195,-18.488170623779297,bad
426,cough-heavy,0.6711705923080444,1.2549433708190918,-8.191340446472168,good
427,cough-shallow,0.3936517536640167,1.2055175304412842,-13.618208885192871,bad
428,cough-heavy,0.41057828068733215,1.1339455842971802,-15.49869441986084,bad
429,cough-shallow,0.5864272713661194,1.2315269708633423,-16.786605834960938,bad
430,cough-heavy,,,,bad
431,cough-shallow,,,,bad
432,cough-heavy,0.1806083470582962,1.1329692602157593,-16.29897689819336,bad
433,cough-shallow,0.856432318687439,1.6038036346435547,0.9476454257965088,good
434,cough-heavy,0.3676139712333679,1.1469635963439941,-15.691632270812988,bad
435,cough-shallow,0.26693353056907654,1.1707689762115479,-16.52133560180664,bad
436,cough-heavy,0.5647295713424683,1.2401361465454102,-14.553560256958008,bad
437,cough-shallow,0.6174618601799011,1.124279260635376,-14.422262191772461,bad
438,cough-heavy,0.3763962686061859,1.1188478469848633,-17.264202117919922,bad
439,cough-shallow,0.4985755980014801,1.1648967266082764,-16.992603302001953,bad
440,cough-heavy,0.37232115864753723,1.2427607774734497,-16.78219985961914,bad
441,cough-shallow,0.31258124113082886,1.301031231880188,-17.52548599243164,bad
442,cough-heavy,0.6122570633888245,1.1554219722747803,-9.24403190612793,good
443,cough-shallow,0.23287168145179749,1.1924779415130615,-17.139997482299805,bad
444,cough-heavy,0.5067834854125977,1.1810141801834106,-15.28995418548584,bad
445,cough-shallow,0.4695238471031189,1.1981624364852905,-15.884146690368652,bad
446,cough-heavy,0.6209936141967773,1.1829092502593994,-5.8635663986206055,good
447,cough-shallow,0.525737464427948,1.1849004030227661,-10.162553787231445,bad
448,cough-heavy,0.4047464430332184,1.208258032798767,-17.324739456176758,bad
449,cough-shallow,0.4278118908405304,1.1609958410263062,-17.846813201904297,bad
450,cough-heavy,0.5773171186447144,1.262510061264038,-2.0824055671691895,bad
451,cough-shallow,0.7025500535964966,1.1731398105621338,4.041032314300537,good
452,cough-heavy,0.3160967528820038,1.1999009847640991,-19.37409210205078,bad
453,cough-shallow,0.2612231969833374,1.1709333658218384,-16.625640869140625,bad
454,cough-heavy,0.2727603018283844,1.1930761337280273,-13.063811302185059,bad
455,cough-shallow,0.3435596525669098,1.1446057558059692,-17.167869567871094,bad
456,cough-heavy,0.263938307762146,1.1969348192214966,-17.65944480895996,bad
457,cough-shallow,0.7261740565299988,1.217844843864441,-2.970200538635254,good
458,cough-heavy,0.4411592483520508,1.1555590629577637,-13.625767707824707,bad
459,cough-shallow,0.6715481877326965,1.1205638647079468,-14.07439136505127,bad
460,cough-heavy,0.891137421131134,1.1892054080963135,-10.335065841674805,good
461,cough-shallow,0.28760939836502075,1.1688544750213623,-18.87036895751953,bad
464,cough-heavy,0.3936518728733063,1.1825158596038818,-14.40346622467041,bad
465,cough-shallow,0.40260744094848633,1.188780665397644,-13.01302719116211,bad
466,cough-heavy,0.4090292751789093,1.1743601560592651,-9.596174240112305,bad
467,cough-shallow,0.24946476519107819,1.1082886457443237,-16.971229553222656,bad
468,cough-heavy,0.18955126404762268,1.2345335483551025,-7.639865875244141,bad
469,cough-shallow,0.21169091761112213,1.2445785999298096,-10.572680473327637,bad
470,cough-heavy,0.6044967770576477,1.1337898969650269,-18.421504974365234,bad
471,cough-shallow,0.34032541513442993,1.1456328630447388,-18.01618766784668,bad
472,cough-heavy,0.41369345784187317,1.177057147026062,-8.688323020935059,bad
473,cough-shallow,0.22743365168571472,1.164352297782898,-16.44304656982422,bad
474,cough-heavy,0.2687799632549286,1.2805962562561035,-20.125741958618164,bad
475,cough-shallow,0.7323428392410278,1.4148327112197876,-8.257323265075684,good
476,cough-heavy,0.17211563885211945,1.2565841674804688,-18.02310562133789,bad
477,cough-shallow,0.10793247818946838,1.2798584699630737,-17.167192459106445,bad
478,cough-heavy,0.6834735870361328,1.1584514379501343,-11.25232982635498,good
479,cough-shallow,0.6478453874588013,1.1722334623336792,-11.375031471252441,good
480,cough-heavy,0.8767586946487427,1.3366038799285889,1.1887969970703125,good
481,cough-shallow,0.8693516850471497,1.4173780679702759,-1.3333473205566406,good
482,cough-heavy,0.20179206132888794,1.1251083612442017,-16.833938598632812,bad
483,cough-shallow,0.21332018077373505,1.1449332237243652,-16.508403778076172,bad
484,cough-heavy,0.5215093493461609,1.1379098892211914,-16.13994026184082,bad
485,cough-shallow,0.5770195722579956,1.1879621744155884,-17.241619110107422,bad
486,cough-heavy,0.6921014189720154,1.3610868453979492,-5.621865272521973,good
487,cough-shallow,0.6712744832038879,1.1394015550613403,-6.376079559326172,bad
488,cough-heavy,0.5116597414016724,1.2938823699951172,-16.371448516845703,bad
489,cough-shallow,0.8660050630569458,1.3537144660949707,-10.035988807678223,good
492,cough-heavy,0.6826023459434509,1.327986478805542,-6.3939337730407715,good
493,cough-shallow,0.7876226902008057,1.2144469022750854,-9.359539985656738,good
494,cough-heavy,0.4320553243160248,1.1284109354019165,-12.26455020904541,bad
495,cough-shallow,0.24458591639995575,1.157994270324707,-17.88365936279297,bad
496,cough-heavy,0.5275187492370605,1.1236408948898315,-15.29109001159668,bad
497,cough-shallow,0.4481595754623413,1.1376296281814575,-17.37273406982422,bad
498,cough-heavy,0.356436163187027,1.134999394416809,-17.873802185058594,bad
499,cough-shallow,0.311341792345047,1.1347659826278687,-15.496241569519043,bad
500,cough-heavy,0.7717703580856323,2.046642780303955,9.713702201843262,good
501,cough-shallow,0.8301627039909363,1.4519563913345337,3.145730495452881,good
502,cough-heavy,0.6769974827766418,1.179968237876892,-10.24614429473877,good
503,cough-shallow,0.527082085609436,1.143384337425232,-2.4732871055603027,bad
504,cough-heavy,0.8563302159309387,1.763779878616333,2.0629305839538574,good
505,cough-shallow,0.6682631373405457,1.404569387435913,-2.126692295074463,good
506,cough-heavy,0.10456071048974991,1.1476163864135742,-18.904277801513672,bad
507,cough-shallow,0.31313222646713257,1.164557695388794,-16.663917541503906,bad
508,cough-heavy,0.38558506965637207,1.2234150171279907,-13.156614303588867,bad
509,cough-shallow,0.6563188433647156,1.1956787109375,-9.22258472442627,good
510,cough-heavy,0.8020071983337402,1.5629130601882935,5.592418670654297,good
511,cough-shallow,0.32251542806625366,1.2582104206085205,-12.995753288269043,bad
512,cough-heavy,0.15561674535274506,1.169409155845642,-18.273677825927734,bad
513,cough-shallow,0.6552031636238098,1.3514165878295898,-9.185365676879883,good
514,cough-heavy,0.8513895273208618,1.2585831880569458,-4.80610466003418,good
515,cough-shallow,0.7732787132263184,1.215395212173462,-1.145224928855896,good
516,cough-heavy,,,,bad
517,cough-shallow,,,,bad
518,cough-heavy,0.691767156124115,1.2562214136123657,2.6162729263305664,good
519,cough-shallow,0.7257922887802124,1.5841506719589233,8.320160865783691,good
520,cough-heavy,0.7064131498336792,1.2048194408416748,-6.401052474975586,good
521,cough-shallow,0.924848198890686,1.6921687126159668,-9.084848403930664,good
522,cough-heavy,0.35791894793510437,1.1346070766448975,-17.79917335510254,bad
523,cough-shallow,0.18387311697006226,1.130738615989685,-17.70948028564453,bad
524,cough-heavy,0.42104417085647583,1.121017575263977,-17.852279663085938,bad
525,cough-shallow,0.17963488399982452,1.1624321937561035,-15.812442779541016,bad
526,cough-heavy,0.5837491154670715,1.175016164779663,-4.032819747924805,bad
527,cough-shallow,0.14183759689331055,1.1060489416122437,-18.0974178314209,bad
528,cough-heavy,0.3364716172218323,1.200630784034729,-16.8380126953125,bad
529,cough-shallow,0.34561043977737427,1.1967813968658447,-22.44149398803711,bad
530,cough-heavy,0.13989220559597015,1.3657231330871582,-18.25299835205078,bad
531,cough-shallow,0.206892728805542,1.193511962890625,-17.33547592163086,bad
534,cough-heavy,0.43319597840309143,1.1231836080551147,-18.589059829711914,bad
535,cough-shallow,0.17499971389770508,1.18014395236969,-20.00429916381836,bad
536,cough-heavy,0.41286909580230713,1.104154348373413,-16.575069427490234,bad
537,cough-shallow,0.2582610249519348,1.148432731628418,-17.941482543945312,bad
538,cough-heavy,0.31508004665374756,1.143127202987671,-16.61517333984375,bad
539,cough-shallow,0.32057756185531616,1.1823279857635498,-18.770225524902344,bad
540,cough-heavy,0.3561019003391266,1.1558258533477783,-17.616764068603516,bad
541,cough-shallow,0.6644420623779297,1.1248220205307007,-17.25836753845215,bad
542,cough-heavy,0.7843179106712341,1.2812244892120361,3.7022006511688232,good
543,cough-shallow,0.8183032870292664,1.2356748580932617,-0.6956047415733337,good
544,cough-heavy,0.3048539161682129,1.1320674419403076,-15.856971740722656,bad
545,cough-shallow,0.26673880219459534,1.1765832901000977,-17.24285125732422,bad
546,cough-heavy,0.7111108303070068,1.2324275970458984,-5.257712364196777,good
547,cough-shallow,0.84585040807724,1.2581108808517456,-5.399319648742676,good
548,cough-heavy,0.0949491411447525,1.114143967628479,-18.673147201538086,bad
549,cough-shallow,0.4176883101463318,1.1168533563613892,-18.971111297607422,bad
550,cough-heavy,0.5877034068107605,1.148946762084961,-15.44371509552002,bad
551,cough-shallow,0.6902857422828674,1.1944687366485596,-1.7700225114822388,good
552,cough-heavy,0.7469645738601685,1.3481972217559814,5.030440807342529,good
553,cough-shallow,0.8332037925720215,1.8109235763549805,8.733954429626465,good
554,cough-heavy,0.8654484748840332,1.3150602579116821,3.492136001586914,good
555,cough-shallow,0.892293393611908,1.677400827407837,6.3551177978515625,good
556,cough-heavy,0.16777458786964417,1.1904189586639404,-15.833924293518066,bad
557,cough-shallow,0.23199759423732758,1.1895065307617188,-18.14098358154297,bad
558,cough-heavy,0.7947575449943542,1.1508818864822388,-12.319180488586426,bad
559,cough-shallow,0.7539960741996765,1.263782024383545,-7.6783905029296875,good
560,cough-heavy,0.6391941905021667,1.08036208152771,-16.450313568115234,bad
561,cough-shallow,0.2641945481300354,1.112414002418518,-17.055248260498047,bad
562,cough-heavy,0.49904945492744446,1.1498475074768066,-14.406702995300293,bad
563,cough-shallow,0.6178846955299377,1.125483512878418,-12.969603538513184,bad
566,cough-heavy,0.5823447704315186,1.3338054418563843,0.005661364644765854,bad
567,cough-shallow,0.6439972519874573,1.175796627998352,-7.76625919342041,good
568,cough-heavy,0.6274987459182739,1.6064671277999878,9.019354820251465,good
569,cough-shallow,0.09631728380918503,1.294051170349121,-13.9060697555542,bad
570,cough-heavy,0.5451456904411316,1.2306666374206543,-12.065503120422363,bad
571,cough-shallow,0.43338263034820557,1.1501264572143555,-15.405875205993652,bad
572,cough-heavy,0.4672546088695526,1.1802819967269897,-17.597759246826172,bad
573,cough-shallow,0.20240704715251923,1.1497913599014282,-17.096065521240234,bad
574,cough-heavy,0.7661619782447815,1.1895359754562378,-5.238407135009766,good
575,cough-shallow,0.8480030298233032,1.4221537113189697,-2.907130241394043,good
576,cough-heavy,0.527802586555481,1.1244618892669678,-14.48279094696045,bad
577,cough-shallow,0.35916465520858765,1.1188342571258545,-17.05023956298828,bad
578,cough-heavy,0.5250492095947266,1.2823132276535034,-9.661837577819824,bad
579,cough-shallow,0.5520468950271606,1.3960378170013428,-17.13373565673828,bad
580,cough-heavy,0.31787192821502686,1.406367301940918,-19.288917541503906,bad
581,cough-shallow,0.9092774391174316,1.2778509855270386,-9.074051856994629,good
582,cough-heavy,0.23167987167835236,1.1789058446884155,-16.817848205566406,bad
583,cough-shallow,0.5513020157814026,1.1728850603103638,-14.706513404846191,bad
584,cough-heavy,0.3477364182472229,1.1773207187652588,-13.283194541931152,bad
585,cough-shallow,0.19323287904262543,1.1874229907989502,-14.813705444335938,bad
586,cough-heavy,0.5214162468910217,1.2169146537780762,-14.978142738342285,bad
587,cough-shallow,0.7930150628089905,1.3335421085357666,-7.6760454177856445,good
588,cough-heavy,0.7219581604003906,1.3177249431610107,-10.06333065032959,good
589,cough-shallow,0.487799733877182,1.2255781888961792,-17.80352783203125,bad
590,cough-heavy,0.7222451567649841,1.145325779914856,-10.812420845031738,bad
591,cough-shallow,0.8157231211662292,1.2230695486068726,-9.195710182189941,good
592,cough-heavy,0.3660687804222107,1.2191184759140015,-16.963001251220703,bad
593,cough-shallow,0.13792522251605988,1.1965758800506592,-20.058910369873047,bad
594,cough-heavy,0.6490333080291748,1.1575825214385986,-6.169109344482422,good
595,cough-shallow,0.41696029901504517,1.2496545314788818,-9.410818099975586,bad
596,cough-heavy,0.7645108103752136,1.3020915985107422,-7.824997901916504,good
597,cough-shallow,0.23484103381633759,1.2229175567626953,-13.93706226348877,bad
598,cough-heavy,0.6620121598243713,1.1479426622390747,-17.612123489379883,bad
599,cough-shallow,0.7800896763801575,1.186185359954834,-15.550899505615234,bad
600,cough-heavy,0.7490738034248352,1.2427622079849243,-14.851767539978027,bad
601,cough-shallow,0.30617666244506836,1.4274418354034424,-14.721376419067383,bad
602,cough-heavy,0.7110424041748047,1.142252802848816,-17.25783920288086,bad
603,cough-shallow,0.9563677906990051,1.3680158853530884,-10.437346458435059,good
604,cough-heavy,0.8823755979537964,1.235093593597412,-15.654338836669922,bad
605,cough-shallow,0.3033367395401001,1.1447640657424927,-18.098773956298828,bad
606,cough-heavy,0.8453974723815918,1.6630361080169678,7.137825965881348,good
607,cough-shallow,0.8761227130889893,1.5475690364837646,11.140196800231934,good
608,cough-heavy,0.8288734555244446,1.2129143476486206,-5.721644401550293,good
609,cough-shallow,0.7742030620574951,1.1659190654754639,-8.881170272827148,good
610,cough-heavy,0.6014360785484314,1.1470528841018677,-16.91872215270996,bad
611,cough-shallow,0.22655491530895233,1.1082782745361328,-17.40029525756836,bad
612,cough-heavy,0.13741479814052582,1.1653392314910889,-13.913689613342285,bad
613,cough-shallow,0.3775797486305237,1.1739387512207031,-7.832321643829346,bad
614,cough-heavy,0.45465296506881714,1.1990065574645996,-15.149399757385254,bad
615,cough-shallow,0.2577618658542633,1.133009672164917,-16.322681427001953,bad
616,cough-heavy,0.36538755893707275,1.144605278968811,-17.677391052246094,bad
617,cough-shallow,0.325806200504303,1.0975086688995361,-12.04310131072998,bad
618,cough-heavy,0.4133898615837097,1.1686673164367676,-16.272796630859375,bad
619,cough-shallow,0.3371793329715729,1.1200166940689087,-11.696688652038574,bad
620,cough-heavy,0.5067025423049927,1.1463663578033447,-19.0428409576416,bad
621,cough-shallow,0.3560350239276886,1.2020304203033447,-16.718425750732422,bad
622,cough-heavy,0.37852343916893005,1.1367926597595215,-15.58903980255127,bad
623,cough-shallow,0.8149632811546326,1.1779204607009888,-14.116629600524902,bad
624,cough-heavy,0.2031814604997635,1.2172904014587402,-17.710832595825195,bad
625,cough-shallow,0.2109127640724182,1.1552767753601074,-18.27374267578125,bad
626,cough-heavy,0.38686153292655945,1.1484242677688599,-16.341136932373047,bad
627,cough-shallow,0.5670943856239319,1.1943204402923584,-5.942487716674805,bad
628,cough-heavy,0.17179901897907257,1.146698236465454,-15.971356391906738,bad
629,cough-shallow,0.4224398732185364,1.1590827703475952,-14.474231719970703,bad
632,cough-heavy,0.42955827713012695,1.1075838804244995,-17.179241180419922,bad
633,cough-shallow,0.656607985496521,1.1200830936431885,-17.461132049560547,bad
634,cough-heavy,0.35786116123199463,1.2908482551574707,-10.148055076599121,bad
635,cough-shallow,0.18049749732017517,1.1574125289916992,-18.930980682373047,bad
636,cough-heavy,0.24932487308979034,1.11880362033844,-19.026439666748047,bad
637,cough-shallow,0.5058217644691467,1.196980595588684,-7.879312515258789,bad
638,cough-heavy,0.36406436562538147,1.1577398777008057,-16.961727142333984,bad
639,cough-shallow,0.2527889609336853,1.2743080854415894,-17.79753875732422,bad
640,cough-heavy,0.613386332988739,1.1833914518356323,-13.023161888122559,bad
641,cough-shallow,0.3658120930194855,1.2056838274002075,-15.430665016174316,bad
642,cough-heavy,0.5669509768486023,1.4703768491744995,-3.651843786239624,bad
643,cough-shallow,0.8163407444953918,1.4351075887680054,3.9658126831054688,good
644,cough-heavy,0.7348456382751465,1.2575294971466064,-7.597180366516113,good
645,cough-shallow,0.9485572576522827,1.2713607549667358,-9.397114753723145,good
646,cough-heavy,0.3212657570838928,1.192452311515808,-5.0516510009765625,bad
647,cough-shallow,0.3445099890232086,1.1610682010650635,-12.172442436218262,bad
648,cough-heavy,0.558853268623352,1.2229297161102295,-10.47211742401123,bad
649,cough-shallow,0.367536336183548,1.2323585748672485,-17.393962860107422,bad
650,cough-heavy,0.47952884435653687,1.3012522459030151,-15.591130256652832,bad
651,cough-shallow,0.7005164623260498,1.2134513854980469,-15.275068283081055,bad
652,cough-heavy,0.16103921830654144,1.1220744848251343,-17.239822387695312,bad
653,cough-shallow,0.16497522592544556,1.1698710918426514,-18.14620590209961,bad
654,cough-heavy,0.6692370176315308,1.1956210136413574,-6.191200256347656,good
655,cough-shallow,0.8532443046569824,1.276393175125122,-10.570770263671875,good
656,cough-heavy,0.6479405760765076,1.1738862991333008,-7.671350955963135,good
657,cough-shallow,0.706159770488739,1.2345572710037231,-8.565666198730469,good
658,cough-heavy,,,,bad
659,cough-shallow,,,,bad
660,cough-heavy,0.48173218965530396,1.1309610605239868,-16.036758422851562,bad
661,cough-shallow,0.7635155320167542,1.14283287525177,-17.210464477539062,bad
662,cough-heavy,0.23005081713199615,1.202317237854004,-17.366539001464844,bad
663,cough-shallow,0.183450847864151,1.2116615772247314,-17.816768646240234,bad
664,cough-heavy,0.9392532706260681,1.4338374137878418,10.631686210632324,good
665,cough-shallow,0.3016180694103241,1.1180169582366943,-15.346328735351562,bad
666,cough-heavy,0.7957307696342468,1.1858824491500854,-18.702394485473633,bad
667,cough-shallow,0.2929708659648895,1.1957557201385498,-18.251516342163086,bad
668,cough-heavy,0.28033819794654846,1.2889330387115479,-15.852161407470703,bad
669,cough-shallow,0.5905344486236572,1.2848769426345825,-5.535113334655762,bad
670,cough-heavy,0.2430298775434494,1.1874034404754639,-15.65382194519043,bad
671,cough-shallow,0.35429951548576355,1.1294710636138916,-14.201944351196289,bad
672,cough-heavy,0.6479880213737488,1.2031207084655762,-13.963995933532715,bad
673,cough-shallow,0.848961591720581,1.516796588897705,-1.6603516340255737,good
674,cough-heavy,0.5601699948310852,1.2381454706192017,-14.875641822814941,bad
675,cough-shallow,0.5748299360275269,1.1798675060272217,-17.73727035522461,bad
676,cough-heavy,0.4994025230407715,1.1381371021270752,-11.16200065612793,bad
677,cough-shallow,0.6745032668113708,1.1333560943603516,0.9948477745056152,bad
678,cough-heavy,0.5478854179382324,1.1221519708633423,-17.0686092376709,bad
679,cough-shallow,0.452322781085968,1.1168875694274902,-14.95302677154541,bad
680,cough-heavy,0.32708755135536194,1.2261829376220703,-18.261205673217773,bad
681,cough-shallow,0.7304404973983765,1.3535727262496948,-9.677018165588379,good
682,cough-heavy,0.7799568772315979,1.125678300857544,-16.59796905517578,bad
683,cough-shallow,0.4545806646347046,1.2292845249176025,-7.693696022033691,bad
684,cough-heavy,0.5574063658714294,1.1936109066009521,-9.218033790588379,bad
685,cough-shallow,0.40430954098701477,1.1837270259857178,-17.458019256591797,bad
686,cough-heavy,0.25342896580696106,1.2490813732147217,-10.12935733795166,bad
687,cough-shallow,0.36404553055763245,1.18731689453125,-16.287647247314453,bad
688,cough-heavy,0.17138025164604187,1.120609164237976,-17.826847076416016,bad
689,cough-shallow,0.9406490921974182,1.443362832069397,-9.747185707092285,good
690,cough-heavy,0.7338854074478149,1.2139333486557007,-4.293816566467285,good
691,cough-shallow,0.6831377744674683,1.2449748516082764,-0.7588976621627808,good
692,cough-heavy,0.6610563397407532,1.1278225183486938,-13.398270606994629,bad
693,cough-shallow,0.5524930953979492,1.1253666877746582,-15.491430282592773,bad
694,cough-heavy,0.7185588479042053,1.261106014251709,-10.0973539352417,good
695,cough-shallow,0.12576022744178772,1.1076816320419312,-16.862594604492188,bad
696,cough-heavy,0.9644978046417236,1.3133718967437744,-5.040565490722656,good
697,cough-shallow,0.7122414708137512,1.1949007511138916,-9.831740379333496,good
698,cough-heavy,0.5834649205207825,1.143894076347351,-15.796629905700684,bad
699,cough-shallow,0.8611567616462708,1.2542829513549805,-14.122450828552246,bad
700,cough-heavy,0.5878125429153442,1.1969555616378784,-13.360671997070312,bad
701,cough-shallow,0.5881202220916748,1.1465411186218262,-14.749431610107422,bad
702,cough-heavy,0.6775149703025818,1.1635128259658813,-15.228105545043945,bad
703,cough-shallow,0.1738956868648529,1.1956455707550049,-17.150617599487305,bad
704,cough-heavy,0.29267415404319763,1.1458394527435303,-17.88547134399414,bad
705,cough-shallow,0.48756372928619385,1.153914451599121,-15.607259750366211,bad
706,cough-heavy,0.5132341384887695,1.395444631576538,-2.5328633785247803,bad
707,cough-shallow,0.9285978078842163,1.2398765087127686,-14.320271492004395,bad
708,cough-heavy,0.6545208096504211,1.1767536401748657,-12.041872024536133,bad
709,cough-shallow,0.6761533617973328,1.1599477529525757,-1.3336495161056519,good
710,cough-heavy,0.4640103280544281,1.1526459455490112,-15.359817504882812,bad
711,cough-shallow,0.6035174131393433,1.6582958698272705,-2.898379325866699,good
712,cough-heavy,0.4072449505329132,1.143873691558838,-15.920702934265137,bad
713,cough-shallow,0.16455712914466858,1.1894354820251465,-12.369678497314453,bad
714,cough-heavy,0.5796132683753967,1.7685562372207642,6.956484794616699,bad
715,cough-shallow,0.6526123881340027,1.338607907295227,3.9511895179748535,good
716,cough-heavy,0.742552638053894,1.1749107837677002,-7.18208646774292,good
717,cough-shallow,0.6390088796615601,1.154977560043335,-16.775394439697266,bad
718,cough-heavy,0.48369520902633667,1.2139456272125244,-4.412558555603027,bad
719,cough-shallow,0.509394645690918,1.1691912412643433,-17.531097412109375,bad
720,cough-heavy,0.6337208151817322,1.1822865009307861,-16.93838119506836,bad
721,cough-shallow,0.25986403226852417,1.2026894092559814,-15.669730186462402,bad
722,cough-heavy,0.43539124727249146,1.197702169418335,-17.47863006591797,bad
723,cough-shallow,0.7975232601165771,1.3397105932235718,-6.401116371154785,good
724,cough-heavy,0.36350443959236145,1.2193553447723389,-10.05019474029541,bad
725,cough-shallow,0.651077151298523,1.1904230117797852,-1.421657681465149,good
726,cough-heavy,0.4266089200973511,1.1381865739822388,-13.240443229675293,bad
727,cough-shallow,0.5666162371635437,1.2534819841384888,-13.321637153625488,bad
728,cough-heavy,0.32413700222969055,1.213976263999939,-18.135801315307617,bad
729,cough-shallow,0.17863623797893524,1.0710844993591309,-18.43801498413086,bad
730,cough-heavy,0.8150624632835388,1.1564809083938599,0.3841835558414459,good
731,cough-shallow,0.9520382285118103,1.7900010347366333,7.78309965133667,good
734,cough-heavy,0.8999967575073242,2.6223225593566895,7.779972076416016,good
735,cough-shallow,0.4879240095615387,1.1266717910766602,-12.940709114074707,bad
736,cough-heavy,0.14870846271514893,1.1782244443893433,-16.94780158996582,bad
737,cough-shallow,0.5642720460891724,1.176120638847351,-8.144408226013184,bad
738,cough-heavy,0.7286619544029236,1.1684038639068604,-17.08063316345215,bad
739,cough-shallow,0.36891430616378784,1.1814146041870117,-17.713993072509766,bad
740,cough-heavy,0.6226634383201599,1.234382152557373,-10.61257553100586,good
741,cough-shallow,0.38263025879859924,1.1809194087982178,-16.192062377929688,bad
744,cough-heavy,0.438215047121048,1.112943172454834,-16.86492919921875,bad
745,cough-shallow,0.3037148118019104,1.1349984407424927,-16.748802185058594,bad
746,cough-heavy,0.6747667193412781,1.3512308597564697,-1.6145566701889038,good
747,cough-shallow,0.7000007629394531,1.1642001867294312,-9.851022720336914,good
748,cough-heavy,0.2645299732685089,1.144126057624817,-15.835087776184082,bad
749,cough-shallow,0.8510934710502625,1.271793007850647,6.025923728942871,good
750,cough-heavy,0.24912674725055695,1.1567717790603638,-16.567913055419922,bad
751,cough-shallow,0.27088767290115356,1.1770182847976685,-17.170080184936523,bad
752,cough-heavy,0.463883638381958,1.130791187286377,-12.316514015197754,bad
753,cough-shallow,0.5330432057380676,1.333730936050415,-2.3271496295928955,bad
754,cough-heavy,0.5023584365844727,1.1214712858200073,-7.94750452041626,bad
755,cough-shallow,0.5838491320610046,1.3005414009094238,-9.505242347717285,bad
756,cough-heavy,0.4411779046058655,1.2532166242599487,-19.161100387573242,bad
757,cough-shallow,0.38881102204322815,1.144283652305603,-16.821651458740234,bad
758,cough-heavy,0.8222357034683228,1.3038281202316284,-3.569185972213745,good
759,cough-shallow,0.9298755526542664,1.3406574726104736,-5.9578986167907715,good
760,cough-heavy,0.35262635350227356,1.1317641735076904,-16.019088745117188,bad
761,cough-shallow,0.4831918179988861,1.1230932474136353,-16.977285385131836,bad
762,cough-heavy,0.41133975982666016,1.1389886140823364,-13.5807523727417,bad
763,cough-shallow,0.4019848108291626,1.1598491668701172,-14.571911811828613,bad
764,cough-heavy,0.49061110615730286,1.1713634729385376,-10.220864295959473,bad
765,cough-shallow,0.6247791647911072,1.1904964447021484,-16.06694793701172,bad
766,cough-heavy,0.44089317321777344,1.2042067050933838,-17.314998626708984,bad
767,cough-shallow,0.33735668659210205,1.2037864923477173,-17.174137115478516,bad
768,cough-heavy,0.34554505348205566,1.1313138008117676,-17.33928680419922,bad
769,cough-shallow,0.48197028040885925,1.1634907722473145,-15.772101402282715,bad
770,cough-heavy,0.7698299288749695,1.6522157192230225,4.380123138427734,good
771,cough-shallow,0.835666298866272,3.0124382972717285,18.59389877319336,good
772,cough-heavy,0.3950716257095337,1.1708719730377197,-14.55852222442627,bad
773,cough-shallow,0.3283173143863678,1.2205877304077148,-17.084300994873047,bad
774,cough-heavy,0.6138479113578796,1.2612049579620361,-16.446247100830078,bad
775,cough-shallow,0.28355923295021057,1.2149195671081543,-18.499061584472656,bad
776,cough-heavy,0.6484066247940063,1.2081021070480347,-5.083075046539307,good
777,cough-shallow,0.43480169773101807,1.1345713138580322,-13.333087921142578,bad
778,cough-heavy,0.7686910033226013,1.2320128679275513,-9.402167320251465,good
779,cough-shallow,0.6734952926635742,1.1104928255081177,-16.903135299682617,bad
780,cough-heavy,0.41394075751304626,1.164466142654419,-15.440309524536133,bad
781,cough-shallow,0.7310584783554077,1.2219966650009155,-8.492825508117676,good
782,cough-heavy,0.30191975831985474,1.1117219924926758,-17.278583526611328,bad
783,cough-shallow,0.647209107875824,1.1896082162857056,-10.617996215820312,good
784,cough-heavy,0.3434859812259674,1.1346583366394043,-16.789913177490234,bad
785,cough-shallow,0.5076757073402405,1.1818537712097168,-11.892599105834961,bad
786,cough-heavy,0.9107571244239807,1.4439687728881836,2.506532907485962,good
787,cough-shallow,0.39987125992774963,1.1633884906768799,-12.945181846618652,bad
788,cough-heavy,0.32726678252220154,1.1390790939331055,-14.702649116516113,bad
789,cough-shallow,0.7489717602729797,1.12288236618042,-13.738722801208496,bad
790,cough-heavy,0.5720497369766235,1.1999621391296387,-16.463546752929688,bad
791,cough-shallow,0.45957648754119873,1.201819658279419,-16.964128494262695,bad
792,cough-heavy,0.7225156426429749,1.4639395475387573,7.239253044128418,good
793,cough-shallow,0.5894612073898315,1.9872517585754395,17.106281280517578,bad
794,cough-heavy,0.5480290055274963,1.1420491933822632,-16.43536376953125,bad
795,cough-shallow,0.6423404812812805,1.173848271369934,-16.324260711669922,bad
796,cough-heavy,0.6300880312919617,1.1388620138168335,-7.921195983886719,bad
797,cough-shallow,0.3569447994232178,1.2018413543701172,-11.960785865783691,bad
798,cough-heavy,0.7031121850013733,1.7780892848968506,-14.4146728515625,bad
799,cough-shallow,0.2550469636917114,1.229637622833252,-15.782015800476074,bad
800,cough-heavy,0.4961775541305542,1.1579232215881348,-14.791446685791016,bad
801,cough-shallow,0.5712481141090393,1.2327834367752075,-15.932989120483398,bad
802,cough-heavy,0.2536764144897461,1.1264722347259521,-16.701290130615234,bad
803,cough-shallow,0.47196176648139954,1.1375582218170166,-16.995038986206055,bad
806,cough-heavy,0.3263397216796875,1.1768699884414673,-12.731223106384277,bad
807,cough-shallow,0.731494128704071,1.2181061506271362,-16.778724670410156,bad
808,cough-heavy,0.8471848964691162,1.2135705947875977,-16.900638580322266,bad
809,cough-shallow,0.19290509819984436,1.1508142948150635,-16.228200912475586,bad
810,cough-heavy,0.6076290011405945,1.1577203273773193,-17.446510314941406,bad
811,cough-shallow,0.22642573714256287,1.141039252281189,-17.383790969848633,bad
812,cough-heavy,0.47050049901008606,1.1720560789108276,-14.519753456115723,bad
813,cough-shallow,0.7146332859992981,1.1961939334869385,-16.763622283935547,bad
814,cough-heavy,0.6976715922355652,1.146820306777954,-16.619077682495117,bad
815,cough-shallow,0.6143726110458374,1.1211943626403809,-17.69985008239746,bad
816,cough-heavy,0.4699283838272095,1.1291818618774414,-15.380949020385742,bad
817,cough-shallow,0.6493498682975769,1.1373976469039917,-9.294220924377441,bad
818,cough-heavy,,,,bad
819,cough-shallow,,,,bad
820,cough-heavy,0.6637110114097595,1.265221118927002,-0.3309645354747772,good
821,cough-shallow,0.2611907124519348,1.2153234481811523,-13.863378524780273,bad
822,cough-heavy,0.48498213291168213,1.1778745651245117,-17.370079040527344,bad
823,cough-shallow,0.29404518008232117,1.1225931644439697,-16.542919158935547,bad
824,cough-heavy,0.44463732838630676,1.1670372486114502,-14.740706443786621,bad
825,cough-shallow,0.4142839312553406,1.1575369834899902,-16.335750579833984,bad
826,cough-heavy,0.6861279010772705,1.1560049057006836,-6.326668739318848,good
827,cough-shallow,0.6372947096824646,1.2304067611694336,-7.871269226074219,good
828,cough-heavy,0.7403766512870789,1.2555866241455078,-5.47285795211792,good
829,cough-shallow,0.5969969034194946,1.173301100730896,-13.97950267791748,bad
830,cough-heavy,0.18165718019008636,1.1645718812942505,-17.31902313232422,bad
831,cough-shallow,0.4059511125087738,1.1413018703460693,-16.885154724121094,bad
832,cough-heavy,0.597491979598999,1.1144616603851318,-17.653148651123047,bad
833,cough-shallow,0.23506687581539154,1.161823034286499,-18.251497268676758,bad
834,cough-heavy,0.3053283095359802,1.1451084613800049,-15.832419395446777,bad
835,cough-shallow,0.3058127164840698,1.1457746028900146,-14.708145141601562,bad
836,cough-heavy,0.24135495722293854,1.1294230222702026,-19.284751892089844,bad
837,cough-shallow,0.2628985047340393,1.151991605758667,-18.16347312927246,bad
838,cough-heavy,0.33018428087234497,1.1400783061981201,-17.93182945251465,bad
839,cough-shallow,0.28150883316993713,1.2944293022155762,-21.493701934814453,bad
840,cough-heavy,0.8206235766410828,1.6524816751480103,5.5584716796875,good
841,cough-shallow,0.8251928091049194,1.9416835308074951,17.272178649902344,good
842,cough-heavy,0.8219752311706543,2.665832281112671,11.214226722717285,good
843,cough-shallow,0.4581162929534912,1.1082489490509033,-13.805636405944824,bad
844,cough-heavy,0.7124449014663696,1.2238136529922485,2.2060024738311768,good
845,cough-shallow,0.6129103302955627,1.3006339073181152,-1.7012187242507935,good
846,cough-heavy,0.496892511844635,1.2009546756744385,-15.844532012939453,bad
847,cough-shallow,0.7207928895950317,1.2014635801315308,-14.60302734375,bad
848,cough-heavy,0.28277286887168884,1.1104309558868408,-18.89554786682129,bad
849,cough-shallow,0.5266614556312561,1.165320634841919,-15.359394073486328,bad
850,cough-heavy,0.4020470082759857,1.1369373798370361,-16.76950454711914,bad
851,cough-shallow,0.5172601342201233,1.210396647453308,-12.164582252502441,bad
852,cough-heavy,0.6602173447608948,1.2067161798477173,-17.560291290283203,bad
853,cough-shallow,0.6983008980751038,1.1969630718231201,-15.570836067199707,bad
854,cough-heavy,0.6765578389167786,1.1534391641616821,-10.987054824829102,good
855,cough-shallow,0.7863949537277222,1.1497961282730103,-12.18193531036377,bad
856,cough-heavy,0.26131710410118103,1.2222118377685547,-17.680492401123047,bad
857,cough-shallow,0.7124142050743103,1.2856884002685547,-4.710206508636475,good
858,cough-heavy,0.435259610414505,1.3647087812423706,-5.255544662475586,bad
859,cough-shallow,0.4838142693042755,1.18910551071167,-14.05688190460205,bad
860,cough-heavy,0.5566973090171814,1.2033181190490723,-10.652298927307129,bad
861,cough-shallow,0.5146951079368591,1.1791355609893799,-13.89511489868164,bad
862,cough-heavy,0.8440799117088318,2.8387551307678223,13.914986610412598,good
863,cough-shallow,0.8357097506523132,1.4727774858474731,6.791346073150635,good
864,cough-heavy,0.3578651547431946,1.1342015266418457,-16.247909545898438,bad
865,cough-shallow,0.3623921275138855,1.13932466506958,-16.756664276123047,bad
866,cough-heavy,0.43430033326148987,1.2098157405853271,-16.931488037109375,bad
867,cough-shallow,0.8012333512306213,1.3718700408935547,-8.553829193115234,good
868,cough-heavy,0.37362390756607056,1.2113258838653564,-0.3860541880130768,bad
869,cough-shallow,0.3167249262332916,1.159470796585083,-16.749351501464844,bad
870,cough-heavy,0.5710328221321106,1.1998499631881714,-9.437370300292969,bad
871,cough-shallow,0.7264959216117859,1.1638082265853882,-16.225608825683594,bad
872,cough-heavy,0.8131182789802551,1.2524927854537964,-4.410315036773682,good
873,cough-shallow,0.35484352707862854,1.1172807216644287,-17.74552345275879,bad
874,cough-heavy,0.7346407175064087,1.1786996126174927,-13.782691955566406,bad
875,cough-shallow,0.5340728163719177,1.152996301651001,-16.583145141601562,bad
876,cough-heavy,0.3189859986305237,1.1749423742294312,-19.93338966369629,bad
877,cough-shallow,0.7425774931907654,1.4973691701889038,-8.373854637145996,good
878,cough-heavy,0.18319997191429138,1.2037583589553833,-16.768848419189453,bad
879,cough-shallow,0.5404970645904541,1.1776924133300781,-12.556679725646973,bad
880,cough-heavy,0.14877596497535706,1.2399814128875732,-18.205570220947266,bad
881,cough-shallow,0.3090754449367523,1.311183214187622,-16.02202606201172,bad
882,cough-heavy,0.5706712007522583,1.1451183557510376,-17.250009536743164,bad
883,cough-shallow,0.28687232732772827,1.0957444906234741,-18.189470291137695,bad
884,cough-heavy,0.5740684270858765,1.1952861547470093,-18.578754425048828,bad
885,cough-shallow,0.1672811210155487,1.1992816925048828,-12.384092330932617,bad
886,cough-heavy,0.9093582630157471,1.3511338233947754,-7.426129341125488,good
887,cough-shallow,0.2941848635673523,1.3246021270751953,-17.8271484375,bad
888,cough-heavy,0.44871261715888977,1.137230396270752,-15.340433120727539,bad
889,cough-shallow,0.30078813433647156,1.1884995698928833,-15.544381141662598,bad
890,cough-heavy,0.40913325548171997,1.1479600667953491,-18.38109016418457,bad
891,cough-shallow,0.4816938042640686,1.1881473064422607,-17.536468505859375,bad
892,cough-heavy,0.4959031939506531,1.1788138151168823,-16.67418670654297,bad
893,cough-shallow,0.46632829308509827,1.1540071964263916,-16.747974395751953,bad
894,cough-heavy,0.6055006980895996,1.1746898889541626,-14.704123497009277,bad
895,cough-shallow,0.28495538234710693,1.2947767972946167,-18.761390686035156,bad
896,cough-heavy,0.31296780705451965,1.1377133131027222,-17.783626556396484,bad
897,cough-shallow,0.4262467622756958,1.1400806903839111,-16.900585174560547,bad
898,cough-heavy,0.4710334241390228,1.1464309692382812,-7.3955159187316895,bad
899,cough-shallow,0.5617044568061829,1.1572836637496948,-14.393240928649902,bad
900,cough-heavy,0.3986637592315674,1.1516118049621582,-16.786375045776367,bad
901,cough-shallow,0.470686137676239,1.226075291633606,-16.457813262939453,bad
902,cough-heavy,0.43865296244621277,1.1858536005020142,-16.109159469604492,bad
903,cough-shallow,0.7160510420799255,1.1702046394348145,-9.829049110412598,good
904,cough-heavy,0.670790433883667,1.1766822338104248,-9.584951400756836,good
905,cough-shallow,0.7377812266349792,1.2639867067337036,-4.125759124755859,good
906,cough-heavy,0.12712350487709045,1.130774974822998,-17.543479919433594,bad
907,cough-shallow,0.48027729988098145,1.2278528213500977,-16.37561798095703,bad
908,cough-heavy,0.9830190539360046,1.993739366531372,19.885963439941406,good
909,cough-shallow,0.9095799326896667,1.459228515625,7.4884352684021,good
910,cough-heavy,0.2695494294166565,1.1523089408874512,-17.979747772216797,bad
911,cough-shallow,0.1754695624113083,1.1387372016906738,-17.1723575592041,bad
912,cough-heavy,0.46678635478019714,1.2078348398208618,-4.912611961364746,bad
913,cough-shallow,0.4876844882965088,1.2308900356292725,-5.641668796539307,bad
914,cough-heavy,0.71446692943573,1.2331969738006592,-16.80324363708496,bad
915,cough-shallow,0.21226710081100464,1.2258877754211426,-17.336803436279297,bad
916,cough-heavy,0.8634750247001648,1.4554431438446045,-0.550715446472168,good
917,cough-shallow,0.8281397819519043,1.4217239618301392,-5.299992561340332,good
918,cough-heavy,0.39079511165618896,1.1598656177520752,-16.435657501220703,bad
919,cough-shallow,0.6125820279121399,1.1212419271469116,-17.090917587280273,bad
920,cough-heavy,0.9351958632469177,1.7735211849212646,13.233880043029785,good
921,cough-shallow,0.7055984139442444,1.2862519025802612,4.085486888885498,good
922,cough-heavy,0.7787864804267883,1.2657784223556519,-4.045555591583252,good
923,cough-shallow,0.767680823802948,1.2025227546691895,-7.748139381408691,good
924,cough-heavy,0.5958238840103149,1.1892316341400146,-16.701017379760742,bad
925,cough-shallow,0.3016151785850525,1.1540660858154297,-16.46558380126953,bad
926,cough-heavy,0.3399414122104645,1.1552071571350098,-16.41887092590332,bad
927,cough-shallow,0.25934165716171265,1.2630090713500977,-14.914496421813965,bad
928,cough-heavy,0.43680721521377563,1.2143832445144653,-14.850593566894531,bad
929,cough-shallow,0.6318010091781616,1.3071208000183105,-8.975651741027832,good
930,cough-heavy,0.41377970576286316,1.1874040365219116,-8.73609447479248,bad
931,cough-shallow,0.68935227394104,1.1915831565856934,-16.496471405029297,bad
932,cough-heavy,0.2989135682582855,1.1669650077819824,-18.094104766845703,bad
933,cough-shallow,0.28168177604675293,1.1627347469329834,-17.394817352294922,bad
934,cough-heavy,0.418965607881546,1.1579500436782837,-16.289775848388672,bad
935,cough-shallow,0.49605515599250793,1.145972490310669,-16.011550903320312,bad
936,cough-heavy,0.36513856053352356,1.1253142356872559,-13.549938201904297,bad
937,cough-shallow,0.31733524799346924,1.139392614364624,-15.986523628234863,bad
938,cough-heavy,0.7312754988670349,1.2789216041564941,-12.10109806060791,bad
939,cough-shallow,0.18375329673290253,1.2592984437942505,-18.821083068847656,bad
940,cough-heavy,0.4250164031982422,1.1329084634780884,-14.284975051879883,bad
941,cough-shallow,0.28775981068611145,1.1837466955184937,-16.763477325439453,bad
942,cough-heavy,0.7513688802719116,1.2180713415145874,-3.133293390274048,good
943,cough-shallow,0.4325357973575592,1.1344534158706665,-13.486384391784668,bad
944,cough-heavy,0.7567681670188904,1.1683638095855713,-7.439615726470947,good
945,cough-shallow,0.455097496509552,1.1546151638031006,-13.240233421325684,bad
946,cough-heavy,0.4358169436454773,1.157945156097412,-17.144926071166992,bad
947,cough-shallow,0.4366028308868408,1.1362978219985962,-16.71442413330078,bad
948,cough-heavy,0.8507481217384338,1.2183705568313599,-14.145790100097656,bad
949,cough-shallow,0.28284990787506104,1.1373869180679321,-18.022418975830078,bad
950,cough-heavy,0.48424187302589417,1.316466212272644,-6.461700439453125,bad
951,cough-shallow,0.4348049759864807,1.1629951000213623,-15.300265312194824,bad
952,cough-heavy,0.6736903786659241,1.2495180368423462,-4.359063625335693,good
953,cough-shallow,0.39671406149864197,1.1885854005813599,-17.27220916748047,bad
954,cough-heavy,0.5743529796600342,1.1564817428588867,-16.691526412963867,bad
955,cough-shallow,0.21889202296733856,1.1504255533218384,-17.219928741455078,bad
956,cough-heavy,0.5922171473503113,1.2994883060455322,-11.220223426818848,bad
957,cough-shallow,0.7282218933105469,1.2427254915237427,-8.568382263183594,good
958,cough-heavy,0.5428129434585571,1.2175418138504028,-16.664470672607422,bad
959,cough-shallow,0.43260785937309265,1.2049401998519897,-18.383222579956055,bad
960,cough-heavy,0.5895369052886963,1.357034683227539,-4.316113471984863,bad
961,cough-shallow,0.26154130697250366,1.247977614402771,-16.350391387939453,bad
962,cough-heavy,0.9222114682197571,1.6291089057922363,-7.109711647033691,good
963,cough-shallow,0.8890022039413452,1.654639482498169,-0.4898739159107208,good
964,cough-heavy,0.7751237154006958,1.1772375106811523,-14.382184028625488,bad
965,cough-shallow,0.6565892696380615,1.2212446928024292,-10.773194313049316,good
966,cough-heavy,0.6124463677406311,1.4533733129501343,-5.32289457321167,good
967,cough-shallow,0.5288100242614746,1.267016053199768,-10.8338041305542,bad
968,cough-heavy,0.5735714435577393,1.1694390773773193,-8.530069351196289,bad
969,cough-shallow,0.5262296795845032,1.0835624933242798,-16.810501098632812,bad
970,cough-heavy,0.26984187960624695,1.1199278831481934,-15.624526023864746,bad
971,cough-shallow,0.29998311400413513,1.1436314582824707,-16.114336013793945,bad
972,cough-heavy,0.37905675172805786,1.1544313430786133,-15.788122177124023,bad
973,cough-shallow,0.335485577583313,1.2059959173202515,-15.907779693603516,bad
974,cough-heavy,0.5190569162368774,1.1768664121627808,-15.328461647033691,bad
975,cough-shallow,0.42949941754341125,1.1181867122650146,-17.236787796020508,bad
976,cough-heavy,0.44617900252342224,1.1766538619995117,-16.881622314453125,bad
977,cough-shallow,0.46142637729644775,1.1591331958770752,-13.918142318725586,bad
978,cough-heavy,0.4641451835632324,1.1589279174804688,-13.598387718200684,bad
979,cough-shallow,0.17339161038398743,1.2215335369110107,-16.028106689453125,bad
980,cough-heavy,0.7653663158416748,1.486841082572937,2.8967056274414062,good
981,cough-shallow,0.6990222334861755,1.5520517826080322,4.807679176330566,good
982,cough-heavy,0.5743541717529297,1.192927360534668,-14.252885818481445,bad
983,cough-shallow,0.5889686346054077,1.184037208557129,-16.86349105834961,bad
984,cough-heavy,0.37325820326805115,1.3132390975952148,-5.460192680358887,bad
985,cough-shallow,0.35926297307014465,1.1825295686721802,-14.949532508850098,bad
986,cough-heavy,0.5974762439727783,1.113432765007019,-17.065778732299805,bad
987,cough-shallow,0.48946821689605713,1.101223111152649,-14.301738739013672,bad
988,cough-heavy,0.5826879143714905,1.1498570442199707,-9.956743240356445,bad
989,cough-shallow,0.7778093814849854,1.2424395084381104,-13.059884071350098,bad
990,cough-heavy,0.8448696136474609,1.5447837114334106,2.064241647720337,good
991,cough-shallow,0.5156115889549255,1.1764554977416992,-11.760077476501465,bad
992,cough-heavy,0.42638373374938965,1.1247167587280273,-15.981734275817871,bad
993,cough-shallow,0.8183719515800476,1.2583824396133423,-17.451080322265625,bad
994,cough-heavy,0.3673253059387207,1.1502225399017334,-17.083206176757812,bad
995,cough-shallow,0.299283891916275,1.1247397661209106,-17.084571838378906,bad
997,cough-shallow,,,,bad
998,cough-heavy,0.6510536074638367,1.2181164026260376,-10.111031532287598,good
999,cough-shallow,0.704860508441925,1.1352674961090088,-7.832535743713379,bad
